codigo_vendedor,nome_vendedor
111,Tori Watts
597,Dakota French
605,Lorelai Mathews
304,Jamir Good
387,Nathalia Ibarra
365,Asa Malone
600,Skyler Blevins
606,Avi Norman
601,Malani Crosby
140,Tristen Todd
603,Zariah Cabrera
218,Cade Henry
607,Summer Davenport
451,Dariel Mann
489,Paislee Robles
257,Otto Cameron
270,Julie Walton
608,Dominick Winters
598,Kataleya Juarez
292,Joaquin Brandt
182,Loretta Frost
145,Dario Wall
362,Jayda Myers
375,Adam Hill
602,Hannah Moran
321,Tate Kelley
345,Rosalie Benitez
210,Justice O’Neill
609,Kenna Byrd
316,Cristian Hester
334,Zendaya Pineda
612,Gerardo Howe
618,Persephone Benitez
357,Justice Kirk
131,Ellis Burch
610,Gerald Schroeder
491,Cameron Crane
114,Fox Skinner
222,Mara Hill
279,Isaac Bradshaw
183,Berkley Moyer
184,Ahmir Harvey
193,Nicole Palacios
133,Thaddeus Arroyo
123,Kyra Ahmed
205,Harry Gibson
122,Eden Ayers
127,Ulises Kaur
214,Holland Peters
136,Patrick Burke
153,Vera Zamora
159,Quentin Owens
129,Amaya Ho
173,Morgan Lim
168,Giavanna Levy
162,Harold Mathews
175,Sloan Salinas
233,Edgar Robbins
121,Stevie Peters
139,Patrick Young
166,Zoey Pearson
260,Gunner Rodgers
165,Selah Bradford
163,Ander Russo
169,Tinsley Kramer
174,Kylan Freeman
209,Norah Bruce
223,Uriah Melendez
101,Bethany Cook
176,Ezekiel Jefferson
109,Julieta Reese
188,Alijah Wilkins
177,Amalia Quinn
105,Rhys Sherman
278,Addilyn Roberts
150,Josiah Conner
144,Alondra Butler
107,Ryder Graham
142,Alaia Le
126,Damien Donovan
266,Azariah Quinn
152,Rhys McKee
104,Kori Hahn
151,Kabir Horn
155,Avah Shepherd
112,Ronald Santos
119,Alana Rich
186,Miller Santiago
204,Nyla Kent
216,Mekhi Dorsey
196,Addyson Bowers
195,Dorian Vance
190,Maxine House
113,Yehuda Frank
198,Dior Roth
288,Roy Bates
272,Madilyn Richmond
110,Mordechai Ballard
134,Alejandra Santos
117,Walker Rangel
118,Gloria Fox
149,Antonio Rojas
200,Adaline Burgess
191,Kolton Gould
154,Violeta Buchanan
213,Enrique Dennis
141,Maisie Perkins
293,Kyrie Benton
240,Anais Costa
203,Kenji Stout
206,Chana Koch
261,Salvador Pugh
228,Landry Casey
488,Armando Baldwin
132,Esmeralda Boyer
217,Zeke Hubbard
318,Rosie Alexander
599,Kingston Berger
458,Laylah Gilbert
308,Tobias Larsen
615,Xiomara Durham
613,Kellen Le
194,Myla Trejo
616,Wesson Peralta
611,Malayah Phan
359,Maison Reynolds
332,Isabelle Wilcox
229,Jerry Castaneda
465,Keira Velasquez
220,Sullivan Trejo
256,Rosalyn Middleton
230,Misael Reynolds
232,Isabelle Bernard
103,Jair Pollard
247,Marisol Pace
187,Dior O’brien
241,Joanna Simmons
235,Harrison Sweeney
234,Yara Noble
238,Idris Sanchez
242,Aria Jennings
227,Corbin Combs
249,Irene Schneider
248,Raymond Palacios
254,Bria Chase
226,Otis Norman
461,Malani McGee
246,Conner Dalton
253,Lilian Wu
271,Kyson Correa
208,Valery Hurley
286,Van Gilmore
192,Chanel Harrison
219,Gavin Swanson
212,Helen Woods
291,Zion Wiggins
108,Capri Cortes
275,Banks Avalos
130,Paloma Park
462,Daxton Marsh
276,Adelina Collins
299,Miles Everett
298,Noah Atkinson
295,Duke Travis
302,Mazikee Nolan
267,Maximo Cohen
137,Destiny Cunningham
255,Alejandro McIntyre
464,Rebekah Eaton
604,Leighton Orozco
296,Renata Hinton
456,Frankie Carlson
466,Kali Reeves
390,Clark Schneider
432,Delaney Salgado
443,Trace Wise
371,Mira Knapp
373,Boden Roth
469,Elliot Callahan
446,Quinton Perry
352,Clara Barron
353,Dustin Mayer
382,Ainhoa Barber
470,Solomon Burgess
476,Emory Kane
506,Brock West
541,Remi Nicholson
423,Rodrigo Potter
495,Rory Fuentes
420,Bowen Diaz
392,Elena Grant
339,Leon Buck
437,Livia Shepherd
474,Ronald Conley
124,Salem Felix
401,Rodney Stark
400,Kamilah Rodriguez
391,Henry Shannon
510,Harlee Lozano
500,Boone McCullough
372,Hana Mack
440,Esteban Henry
509,Summer Aguirre
533,Andy Hayes
531,Iris Boyle
480,Robin Cervantes
471,Aylin Davidson
314,Dante Moran
425,Celeste Jenkins
482,Declan Haley
445,Addilynn Hart
481,Joel Avery
418,Meghan Sharp
201,Royce Fitzgerald
300,Marlee Cano
125,Terry Carter
307,Lucy Bowman
179,Francisco Wilson
148,Luna Christensen
100,Gregory Aguirre
167,Ariah Jordan
399,Sawyer Fitzgerald
494,Marlee Larsen
398,Brycen Dickson
385,Emmalynn McMahon
498,Jakob Black
349,Molly Mendoza
231,Dominic Hudson
503,Kamila Washington
239,Juan Conner
502,Alondra Kim
411,Roman Wise
468,Mira Nava
463,Stefan Yu
395,Navy Savage
484,Keaton Morgan
414,Delilah Charles
441,Conrad McDaniel
485,Dahlia Barrett
507,Angelo Small
515,Zaria Moss
521,Porter Mathews
434,Sloan Xiong
497,Azrael Hobbs
377,Lacey Patton
120,Moises Nguyen
333,Nova Allen
496,Carter Moran
207,Celeste Frederick
324,Kase Spence
313,Aislinn Huff
317,Finnley Dalton
376,Lilian Dillon
303,Alvin Dillon
285,Laurel Alfaro
524,Xzavier Figueroa
528,Lilith Cobb
529,Raphael Beil
525,Itzel Corona
526,Darian Nichols
530,Aliyah Trujillo
594,Apollo Farmer
588,Madelynn Donaldson
534,Canaan Wells
540,Cecilia Flores
542,Lincoln Foley
543,Zaylee Swanson
544,Hugo Strong
536,Margo Kramer
556,Kylan Banks
522,Cali Warner
545,Jaxton Chase
546,Angie Camacho
587,Tatum Smith
549,Olivia Castillo
591,Kai Keith
574,Elyse Roth
592,Roy Cline
552,Lina Mueller
555,Albert Lee
563,Scarlett Le
564,Damien Leonard
570,Demi Avila
576,Jaylen Casey
585,Sylvia Hickman
589,Jakobe English
595,Kelly Boyle
436,Robin Merritt
554,Kaisley Marquez
571,Malakai Fitzgerald
172,Marlee Gilmore
551,Vihaan Floyd
128,Yaretzi Wilkerson
566,Carmelo Branch
410,Luisa Kane
572,Brock Villarreal
573,Jazlyn Molina
577,Prince Henson
361,Kinslee Roman
578,Kian Barrett
550,Kendall Townsend
315,Alexis Spencer
327,Alyssa Harmon
560,Roberto Franco
579,Charleigh Dean
586,Ronan Larsen
569,Xiomara Berg
367,Cayson Ahmed
106,Jolie Guevara
504,Tommy Boyer
523,Chaya Johnson
538,Noah Tate
527,Skye Lynn
514,Zechariah Ellis
499,Ayla Wilkins
513,Yusuf Rowland
532,Harleigh Buckley
161,Aryan Hull
258,Andi George
363,Mark Curtis
289,Alexis Lowe
487,Julius Padilla
460,Maggie Sloan
457,Ocean Boyer
486,Chaya Suarez
596,Soren Wilcox
508,Ashlyn Barajas
561,Brennan Schultz
567,Briella Stuart
505,Dion Maddox
537,Zainab Green
539,Anthony Wolfe
557,Hallie Glass
512,Allan Newman
516,Oaklynn Spence
547,Cillian Beard
593,Ezra Sutton
584,Warren Costa
416,Robin Mercado
582,Abram Liu
568,Kate Garrett
559,Kairo Holloway
511,Mae Portillo
575,Wallace Stokes
459,Miranda Calhoun
309,Gary Velasquez
157,Esme Harrell
351,Nelson Franco
251,Charleigh Ventura
311,Branson Winters
336,Kataleya Green
325,Anthony Juarez
274,Juliet Velasquez
329,Sullivan Jacobson
326,Royal Conley
170,Marvin Trujillo
116,Danielle Martinez
312,Alexander Barrera
389,Beatrice Moon
331,Nova Harrington
178,Legacy Dunlap
358,Aries Barry
294,Waverly Walters
244,Colson Krueger
265,Kamari Joseph
236,Kyle Ward
354,Ariana Medina
350,George Yang
477,Angelina McCarty
143,Blaise Bruce
356,Marilyn Houston
297,Sylas Ray
305,Ruth Orozco
306,Keanu Vargas
215,Andrea Coleman
348,Micah Castaneda
262,Keira Patrick
343,Derrick Silva
337,Lucia Booker
138,Dominik Lam
320,Karina Chan
290,Frank Bradley
342,Vanessa Davenport
355,Dariel Brooks
237,Autumn Callahan
381,Quinton Barrett
467,Kendall Martin
252,Mateo Spears
402,Isabela Ballard
393,Kenzo Henry
366,Summer Hopkins
394,Ali Flynn
135,Dorothy Parsons
158,Lewis Poole
180,Bonnie Wood
185,Carson Waters
199,Bristol Meyer
202,Tristan Mason
263,Sienna Gentry
409,Magnus Ortega
450,Lilah Wilkins
396,Yusuf Pope
384,Aurelia Merritt
417,Colten Farrell
454,Kassidy Schroeder
472,Izaiah Frazier
383,Octavia Massey
368,Donald Valentine
364,August Monroe
475,Colby Berg
424,Emmalyn Austin
406,Omar Flynn
407,Dorothy Meyers
380,Julien Underwood
433,Ensley Corona
439,Darian Hardin
444,Vada Thomas
415,Logan Horne
426,Marlowe Cantrell
479,Harris Schmidt
412,Kimberly Livingston
419,Ambrose Campos
386,Sutton Hanson
428,Khalil Jacobson
447,Royal Singleton
338,Landyn Hail
431,Lainey Bishop
483,Paxton Sharp
323,Camryn Frederick
250,Kase Dixon
448,Blakely Pennington
492,Bobby Graham
360,Alaia Saunders
147,Kasen Burch
404,Freyja Alexander
347,Kingston Stuart
281,Stormi Phelps
277,Hamza Conner
115,Alondra Gaines
224,Talon Salas
341,Amber Barber
268,Solomon Walker
283,Hazel Correa
301,Zakai Spencer
146,Alyssa West
245,Diego Alvarado
280,Blake Roach
211,Caspian Galvan
269,Dallas Cuevas
197,Brecken Bates
189,Madilyn Hart
322,Joel Estes
264,Brittany Dominguez
287,Kaden Stevens
181,Katherine Daniel
284,Grady Sanford
273,Emerald Pitts
282,Trey Frazier
259,Octavia Acevedo
379,Dakari Gutierrez
160,Savannah Watkins
370,Nash Gallegos
403,Ari Noble
369,Idris Keller
620,Logan Hinton
422,Frankie Fitzpatrick
397,Annabella French
624,Corey Santana
535,Myra Corona
625,Darian Curry
621,Alison Vincent
626,Aarav Greer
617,Reina Love
520,Jeffrey Burton
632,Miriam McGee
629,Conner Fuller
637,Oakley Schaefer
622,Ishaan Pope
16596,Aurelia Parsons
639,Lewis Lambert
682,Nina Rich
640,Miller Robertson
328,Harmony Vasquez
590,Rowan Orozco
225,Renata Alvarez
378,Xavier Thomas
473,Elizabeth Hardy
243,Jayceon Hunt
438,Genevieve Bryant
548,Jonah Harris
478,Penelope Richardson
643,Robert Schmidt
644,Kimberly Logan
645,Rocco Escobar
646,Erin Wiley
636,Mathew Arroyo
635,Kyra York
630,Leandro Clay
653,Aliana Jordan
655,Sawyer Davenport
221,Adrianna Berry
660,Adonis Lucas
648,Phoenix King
651,Julian Cortes
650,Lea Cain
658,Benson Valentine
628,August Coleman
102,Micah Vance
455,Maxine Stevenson
619,Callan Parra
652,Dalary Tucker
171,Ivan Alexander
656,Lyla Velasquez
631,Sullivan Bean
654,Jenesis Pope
659,Gunnar Rollins
663,Araceli Middleton
664,Misael Lawson
667,Phoebe Sherman
665,Adan Howe
666,Persephone Frederick
661,Kase Ventura
668,Zora Heath
642,Lionel Wilkerson
669,Janiyah Schwartz
638,Edwin Johnston
670,Laila Hunter
671,Archer Kirk
627,Ellis Mahoney
673,Kamryn Farley
657,Wrenley Lang
676,Wells Aguilar
674,Josie Dunlap
679,Aries Taylor
662,Sofia Burton
675,Zander O’Connell
684,Jillian Cross
685,Fabian Mullen
672,Shay Wilcox
686,Jerry Velazquez
687,Jaliyah Roman
677,Kian Buchanan
681,Maryam Smith
678,Liam Dominguez
688,Raegan Sanders
689,Jose Blankenship
683,Rosalee Rosales
633,Wilder Shields
641,Analia Silva
680,Luka Meyer
692,Sara Baldwin
691,Jaiden Cruz
690,Claire Cardenas
695,Johnathan Marshall
634,Adalyn Harmon
693,Roberto Mueller
696,Imani Wells
697,Max Yu
698,Navy Hodges
694,Alonzo Trujillo
699,Danielle Ayers
700,Ulises Summers
701,Frankie Velazquez
